<?xml version="1.0" encoding="UTF-8"?>
<project-private xmlns="http://www.netbeans.org/ns/project-private/1">
    <editor-bookmarks xmlns="http://www.netbeans.org/ns/editor-bookmarks/2" lastBookmarkId="1">
        <file>
            <url>src/java/controller/Controle.java</url>
            <bookmark id="1">
                <name/>
                <line>18</line>
                <key/>
            </bookmark>
        </file>
    </editor-bookmarks>
    <open-files xmlns="http://www.netbeans.org/ns/projectui-open-files/2">
        <group>
            <file>file:/C:/Users/Jiz/Desktop/ProjetoWeb/ProjetoWeb/src/java/controller/ControleUsuario.java</file>
            <file>file:/C:/Users/Jiz/Desktop/ProjetoWeb/ProjetoWeb/web/acesso_admin.jsp</file>
            <file>file:/C:/Users/Jiz/Desktop/ProjetoWeb/ProjetoWeb/web/acesso_outros.jsp</file>
            <file>file:/C:/Users/Jiz/Desktop/ProjetoWeb/ProjetoWeb/src/java/model/Usuario.java</file>
            <file>file:/C:/Users/Jiz/Desktop/ProjetoWeb/ProjetoWeb/web/index.html</file>
            <file>file:/C:/Users/Jiz/Desktop/ProjetoWeb/ProjetoWeb/web/mensagens.jsp</file>
            <file>file:/C:/Users/Jiz/Desktop/ProjetoWeb/ProjetoWeb/web/inicial.html</file>
        </group>
    </open-files>
</project-private>
